emmeans.Reeftype,emmeans.response,emmeans.SE,emmeans.df,emmeans.lower.CL,emmeans.upper.CL,contrasts.contrast,contrasts.estimate,contrasts.SE,contrasts.df,contrasts.lower.CL,contrasts.upper.CL,t.ratio,p.value
Pinnacle,16.60737632998567,4.397139703666854,115,7.897488845674955,25.317263814296382,Pinnacle - Offshore,11.196817387298225,4.650906316129777,115,0.15350764172455023,22.240127132871898,2.407448489871021,0.04611583443045841
Offshore,5.410558942687444,1.5228596423861371,115,2.3940670790061804,8.427050806368706,Pinnacle - Nearshore,11.605563509857284,4.664385368412702,115,0.5302485293209322,22.680878490393635,2.488122784290157,0.037692421331506076
Nearshore,5.001812820128385,1.5629504043191786,115,1.9059088728815516,8.097716767375218,Offshore - Nearshore,0.40874612255905873,2.179198708837001,115,-4.765635966235031,5.583128211353149,0.18756716443595872,0.9807950028928728
