emmeans.Reeftype,emmeans.response,emmeans.SE,emmeans.df,emmeans.lower.CL,emmeans.upper.CL,contrasts.contrast,contrasts.ratio,contrasts.SE,contrasts.df,contrasts.lower.CL,contrasts.upper.CL,t.ratio,p.value
Pinnacle,16.60737632998567,4.397139703666854,115,9.829499171713005,28.058901450388262,Pinnacle / Offshore,3.0694382051656803,1.1850867882176759,115,1.2272063385138468,7.677153058661788,2.904730904306345,0.01217487854174415
Offshore,5.410558942687444,1.5228596423861374,115,3.0982361039278077,9.448649841496131,Pinnacle / Nearshore,3.320271455012064,1.3588403214216722,115,1.2564523922053816,8.774071029955822,2.932265269930694,0.011241633845599619
Nearshore,5.001812820128385,1.5629504043191789,115,2.6935069208970215,9.2883115664202,Offshore / Nearshore,1.081719595926136,0.45429799683634003,115,0.39905314559237126,2.932234207735994,0.18703853219224587,0.9809020387333249
