emmeans.Reeftype,emmeans.response,emmeans.SE,emmeans.df,emmeans.lower.CL,emmeans.upper.CL,contrasts.contrast,contrasts.ratio,contrasts.SE,contrasts.df,contrasts.lower.CL,contrasts.upper.CL,t.ratio,p.value
Pinnacle,25.014323322590347,4.181469643053605,115,17.963300902613835,34.83303957771144,Pinnacle / Offshore,1.6287126363291808,0.420830334200314,115,0.8818584303262379,3.0080846998956496,1.8878619820542886,0.14680153561454534
Offshore,15.358340547395791,3.0401776827090377,115,10.376655125682538,22.731662709496327,Pinnacle / Nearshore,3.8609873639326198,1.3509238707420756,115,1.6822419581062218,8.861521585889532,3.860984716792096,5.451455643494807e-4
Nearshore,6.478737422520839,1.9970856295016548,115,3.5181567217910277,11.930690389654893,Offshore / Nearshore,2.370576170290283,0.8635634726175861,115,0.9981627998663242,5.629974769547348,2.369394573132265,0.050617917010666647
