emmeans.Reeftype,emmeans.response,emmeans.SE,emmeans.df,emmeans.lower.CL,emmeans.upper.CL,contrasts.contrast,contrasts.estimate,contrasts.SE,contrasts.df,contrasts.lower.CL,contrasts.upper.CL,t.ratio,p.value
Pinnacle,27.00716944037262,4.947356560424975,114,17.20649419883042,36.80784468191482,Pinnacle - Offshore,12.678469168440136,5.856617867057439,114,-1.2293300802632743,26.586268417143547,2.1648107245914994,0.08171890812548233
Offshore,14.328700271932485,3.1769951490890196,114,8.035097350880479,20.62230319298449,Pinnacle - Nearshore,19.90545593374398,5.3171871999716975,114,7.278650869179147,32.532260998308814,3.7436063815563863,8.297808138187923e-4
Nearshore,7.101713506628642,1.9754469581046865,114,3.1883682975634233,11.015058715693861,Offshore - Nearshore,7.226986765303843,3.7345175131650805,114,-1.6414285970873665,16.095402127695053,1.935186202722831,0.13353046039506744
