emmeans.Reeftype,emmeans.response,emmeans.SE,emmeans.df,emmeans.lower.CL,emmeans.upper.CL,contrasts.contrast,contrasts.ratio,contrasts.SE,contrasts.df,contrasts.lower.CL,contrasts.upper.CL,t.ratio,p.value
Pinnacle,27.00716944037262,4.947356560424975,114,18.787856946325988,38.82226713055904,Pinnacle / Offshore,1.8848303703633975,0.5398037708628559,114,0.9547880308114051,3.7208107039477,2.2131686585607913,0.07323290707277574
Offshore,14.328700271932485,3.1769951490890196,114,9.235308203840946,22.231164023036,Pinnacle / Nearshore,3.8029088916589644,1.2634538176668808,114,1.7277263366756324,8.370605767395885,4.020564393228984,3.0636801442962547e-4
Nearshore,7.101713506628642,1.9754469581046865,114,4.093063453541887,12.32190394863996,Offshore / Nearshore,2.0176398637537654,0.7163455219370274,114,0.868321220148473,4.688208148491683,1.977033103198162,0.12255089796355845
