emmeans.Reeftype,emmeans.response,emmeans.SE,emmeans.df,emmeans.lower.CL,emmeans.upper.CL,contrasts.contrast,contrasts.ratio,contrasts.SE,contrasts.df,contrasts.lower.CL,contrasts.upper.CL,t.ratio,p.value
Pinnacle,27.007169440372582,4.947356560425366,114,18.78785694632542,38.822267130560114,Pinnacle / Offshore,1.8848303703633704,0.5398037708628356,114,0.9547880308114064,3.7208107039475875,2.213168658560792,0.07323290707277563
Offshore,14.32870027193267,3.1769951490888815,114,9.235308203841294,22.231164023035735,Pinnacle / Nearshore,3.8029088916589466,1.2634538176668697,114,1.7277263366756301,8.37060576739582,4.0205643932289865,3.0636801442962547e-4
Nearshore,7.1017135066286645,1.975446958104643,114,4.093063453541955,12.321903948639829,Offshore / Nearshore,2.017639863753785,0.7163455219370347,114,0.8683212201484812,4.68820814849173,1.9770331031981887,0.12255089796355179
