emmeans.Reeftype,emmeans.rate,emmeans.SE,emmeans.df,emmeans.lower.CL,emmeans.upper.CL,contrasts.contrast,contrasts.estimate,contrasts.SE,contrasts.df,contrasts.lower.CL,contrasts.upper.CL,t.ratio,p.value
Pinnacle,6.013746347034595,0.8963253465625192,116,4.238461058969715,7.789031635099475,Pinnacle - Offshore,4.133420249480157,0.9552196098548082,116,1.8655620734748144,6.401278425485499,4.3271936702685885,9.491437171982309e-5
Offshore,1.8803260975544387,0.3323964354039523,116,1.2219730744686577,2.5386791206402197,Pinnacle - Nearshore,4.970167265500165,0.9202793678314641,116,2.7852633261193103,7.15507120488102,5.400715738321734,1.0686322050590391e-6
Nearshore,1.04357908153443,0.21510918735080914,116,0.6175282316995735,1.4696299313692864,Offshore - Nearshore,0.8367470160200088,0.3945799436562536,116,-0.1000546807589946,1.7735487127990122,2.1206019957997615,0.09008783482913862
