emmeans.Reeftype,emmeans.rate,emmeans.SE,emmeans.df,emmeans.lower.CL,emmeans.upper.CL,contrasts.contrast,contrasts.ratio,contrasts.SE,contrasts.df,contrasts.lower.CL,contrasts.upper.CL,t.ratio,p.value
Pinnacle,6.013746347034599,0.8963253465625237,116,4.476508348051267,8.078873602953418,Pinnacle / Offshore,3.198246492912106,0.7386284227883897,116,1.8483474282425973,5.534014045806353,5.034046696426034,5.288692558558239e-6
Offshore,1.8803260975544416,0.3323964354039546,116,1.3248750742350737,2.6686487668927086,Pinnacle / Nearshore,5.762616799670107,1.4608378201091865,116,3.1567166324569285,10.51971280488169,6.908774514177165,8.387404104581719e-10
Nearshore,1.0435790815344286,0.2151091873508356,116,0.693778137903013,1.5697486558281928,Offshore / Nearshore,1.8018050867689879,0.48746925364947913,116,0.9478756521999913,3.425028972071986,2.1763075032399954,0.07955657546017236
