emmeans.Reeftype,emmeans.rate,emmeans.SE,emmeans.df,emmeans.lower.CL,emmeans.upper.CL,contrasts.contrast,contrasts.estimate,contrasts.SE,contrasts.df,contrasts.lower.CL,contrasts.upper.CL,t.ratio,p.value
Pinnacle,6.013746347034599,0.8963253465625236,116,4.23846105896971,7.789031635099487,Pinnacle - Offshore,4.133420249480157,0.955219609854826,116,1.8655620734747722,6.4012784254855415,4.327193670268508,9.491437171971207e-5
Offshore,1.8803260975544416,0.33239643540395464,116,1.2219730744686559,2.5386791206402273,Pinnacle - Nearshore,4.97016726550017,0.9202793678314871,116,2.785263326119261,7.15507120488108,5.400715738321606,1.0686322050590391e-6
Nearshore,1.0435790815344286,0.21510918735083562,116,0.6175282316995196,1.4696299313693375,Offshore - Nearshore,0.836747016020013,0.39457994365626714,116,-0.10005468075902257,1.7735487127990486,2.1206019957996993,0.09008783482915084
