emmeans.Reeftype,emmeans.rate,emmeans.SE,emmeans.df,emmeans.lower.CL,emmeans.upper.CL,contrasts.contrast,contrasts.ratio,contrasts.SE,contrasts.df,contrasts.lower.CL,contrasts.upper.CL,t.ratio,p.value
Pinnacle,6.013746347034595,0.8963253465625192,116,4.4765083480512695,8.0788736029534,Pinnacle / Offshore,3.1982464929121086,0.7386284227883717,116,1.8483474282426247,5.534014045806281,5.034046696426165,5.288692558447217e-6
Offshore,1.8803260975544387,0.33239643540395225,116,1.3248750742350741,2.6686487668926993,Pinnacle / Nearshore,5.762616799670096,1.4608378201090197,116,3.1567166324571354,10.519712804880959,6.9087745141779315,8.387404104581719e-10
Nearshore,1.04357908153443,0.21510918735080914,116,0.6937781379030492,1.5697486558281153,Offshore / Nearshore,1.8018050867689825,0.4874692536494452,116,0.9478756522000291,3.4250289720718294,2.1763075032401296,0.07955657546014838
