emmeans.Reeftype,emmeans.rate,emmeans.SE,emmeans.df,emmeans.lower.CL,emmeans.upper.CL,contrasts.contrast,contrasts.estimate,contrasts.SE,contrasts.df,contrasts.lower.CL,contrasts.upper.CL,t.ratio,p.value
Pinnacle,1.2390003324722443,0.17599716851868685,116,0.8904157641449588,1.5875849007995297,Pinnacle - Offshore,0.7393935590164312,0.2084830223337866,116,0.24441845394101447,1.234368664091848,3.5465408681223134,0.0016242628074296661
Offshore,0.49960677345581306,0.11175941697154777,116,0.2782531661822979,0.7209603807293282,Pinnacle - Nearshore,0.9662045845626487,0.19440909415778684,116,0.5046434428870248,1.4277657262382726,4.969955694451491,6.947515213906463e-6
Nearshore,0.2727957479095956,0.0825826408421819,116,0.10923042210583012,0.4363610737133611,Offshore - Nearshore,0.22681102554621746,0.13896064136564437,116,-0.10310580552881038,0.5567278566212452,1.6321961622889616,0.2362760011788262
