emmeans.Reeftype,emmeans.rate,emmeans.SE,emmeans.df,emmeans.lower.CL,emmeans.upper.CL,contrasts.contrast,contrasts.ratio,contrasts.SE,contrasts.df,contrasts.lower.CL,contrasts.upper.CL,t.ratio,p.value
Pinnacle,1.2390003324722443,0.17599716851868685,116,0.9351591682302969,1.64156207415622,Pinnacle / Offshore,2.4799510300911196,0.6571491172343132,116,1.3219644138852231,4.652286436043187,3.4275139742312803,0.002415001959804708
Offshore,0.49960677345581306,0.11175941697154777,116,0.32078325560353055,0.7781170735152951,Pinnacle / Nearshore,4.541860868311072,1.5187835776009462,116,2.053242996871366,10.04678948304128,4.525572532948102,4.340640979050292e-5
Nearshore,0.2727957479095956,0.08258264084218192,116,0.1497750277524825,0.49686200159173183,Offshore / Nearshore,1.8314316747392356,0.6893655457386202,116,0.7493415829120667,4.476118843162827,1.6075587831663647,0.24653355612341998
