emmeans.Reeftype,emmeans.response,emmeans.SE,emmeans.df,emmeans.lower.CL,emmeans.upper.CL,contrasts.contrast,contrasts.estimate,contrasts.SE,contrasts.df,contrasts.lower.CL,contrasts.upper.CL,t.ratio,p.value
Pinnacle,1.2390003310031907,0.16267055061325247,114,0.9167512231308458,1.5612494388755356,Pinnacle - Offshore,0.7393935565620074,0.1898169726944247,114,0.28863231344250917,1.1901547996815056,3.895297380768547,4.8380366431777233e-4
Offshore,0.4996067744411833,0.09782011603311956,114,0.30582587799246885,0.6933876708898977,Pinnacle - Nearshore,0.966204581142172,0.1769763747422681,114,0.5459361006726694,1.3864730616116745,5.459511658260953,8.440375672824629e-7
Nearshore,0.27279574986101873,0.06970601977621298,114,0.13470866156178807,0.4108828381602494,Offshore - Nearshore,0.22681102458016456,0.12011537906225044,114,-0.05842878730447654,0.5120508364648056,1.8882763085867509,0.1467212730829237
